ALINE,Mammalia
ALU,Primates
AluJb,Primates
AluJo,Primates
AluJr,Primates
AluJr4,Primates
AluSc,Primates
AluSc5,Primates
AluSc8,Primates
AluSg,Primates
AluSg1,Primates
AluSg4,Primates
AluSg7,Primates
AluSp,Primates
AluSq,Primates
AluSq10,Primates
AluSq2,Primates
AluSq4,Primates
AluSx,Primates
AluSx1,Primates
AluSx3,Primates
AluSx4,Primates
AluSz,Primates
AluSz6,Primates
AluY,Primates
AluYa1,Primates
AluYa4,Primates
AluYa5,Homo_sapiens
AluYa8,Primates
AluYb10,Homo_sapiens
AluYb11,Homo_sapiens
AluYb3a1,Primates
AluYb3a2,Primates
AluYb8,Homo_sapiens
AluYb8a1,Homo_sapiens
AluYb9,Homo_sapiens
AluYbc3a,Primates
AluYc1,Primates
AluYc2,Primates
AluYc5,Primates
AluYd2,Primates
AluYd3,Primates
AluYd3a1,Primates
AluYd8,Primates
AluYe2,Primates
AluYe5,Primates
AluYf1,Primates
AluYf2,Primates
AluYf5,Primates
AluYg6,Primates
AluYh9,Primates
AluYi6,Primates
AluYk11,Primates
AluYk12,Primates
AluYk13,Homo_sapiens
AmnSINE1_HS,Homo_sapiens
BLACKJACK,Eutheria
CHARLIE1,Eutheria
CHARLIE10,Homo_sapiens
Charlie11,Eutheria
Charlie12,Primates
Charlie13a,Mammalia
Charlie13b,Mammalia
Charlie15a,Eutheria
Charlie16a,Mammalia
Charlie17a,Mammalia
Charlie18a,Mammalia
Charlie19a,Mammalia
CHARLIE1A,Eutheria
CHARLIE1B,Eutheria
CHARLIE2,Eutheria
Charlie21a,Eutheria
Charlie22a,Mammalia
Charlie24,Mammalia
Charlie25,Mammalia
Charlie26a,Mammalia
Charlie27,Eutheria
Charlie28,Eutheria
CHARLIE2A,Homo_sapiens
CHARLIE2B,Homo_sapiens
CHARLIE3,Homo_sapiens
CHARLIE4,Eutheria
CHARLIE5,Homo_sapiens
CHARLIE6,Homo_sapiens
CHARLIE7,Homo_sapiens
CHARLIE8,Homo_sapiens
CHARLIE8A,Eutheria
CHARLIE9,Homo_sapiens
CHESHIRE,Homo_sapiens
CHESHIRE_A,Homo_sapiens
CHESHIRE_B,Homo_sapiens
CR1L,Vertebrata
CR1_HS,Homo_sapiens
CR1_Mam,Mammalia
DeuSINE,Deuterostomia
DNA1_Mam,Eutheria
ERV24B_Prim,Primates
ERV24_Prim,Primates
ERV3-16A3_I,Homo_sapiens
ERV3-16A3_LTR,Homo_sapiens
ERVL,Homo_sapiens
ERVL-B4,Eutheria
ERVL-E,Eutheria
ERVL47,Primates
Eulor1,Amniota
Eulor10,Amniota
Eulor11,Amniota
Eulor12,Amniota
Eulor12B_CM,Amniota
Eulor12_CM,Amniota
Eulor2A,Euteleostomi
Eulor2B,Amniota
Eulor2C,Amniota
Eulor3,Amniota
Eulor4,Tetrapoda
Eulor5A,Tetrapoda
Eulor5B,Tetrapoda
Eulor6A,Tetrapoda
Eulor6B,Tetrapoda
Eulor6C,Tetrapoda
Eulor6D,Tetrapoda
Eulor6E,Tetrapoda
Eulor7,Amniota
Eulor8,Amniota
Eulor9A,Amniota
Eulor9B,Amniota
Eulor9C,Amniota
EuthAT-1,Eutheria
EuthAT-2,Eutheria
EuthAT-2B,Eutheria
EuthAT-N1,Eutheria
Eutr17,Eutheria
Eutr7,Eutheria
Eutr8,Eutheria
EUTREP1,Eutheria
EUTREP10,Eutheria
EUTREP13,Eutheria
EUTREP3,Eutheria
EutTc1-N1,Eutheria
FAM,Primates
FLAM,Primates
FORDPREFECT,Homo_sapiens
FORDPREFECT_A,Homo_sapiens
FRAM,Primates
GOLEM,Eutheria
GOLEM_A,Homo_sapiens
GOLEM_B,Eutheria
GOLEM_C,Homo_sapiens
HAL1,Eutheria
HAL1B,Homo_sapiens
HAL1M8,Theria
HARLEQUIN,Homo_sapiens
HARLEQUINLTR,Homo_sapiens
Helitron1Nb_Mam,Eutheria
Helitron3Na_Mam,Mammalia
HERV-Fc1,Hominidae
HERV-Fc1_LTR1,Hominidae
HERV-Fc1_LTR2,Hominidae
HERV-Fc1_LTR3,Hominidae
HERV-Fc2,Hominidae
HERV-Fc2_LTR,Hominidae
HERV-K14CI,Homo_sapiens
HERV-K14I,Homo_sapiens
HERV15I,Homo_sapiens
HERV16,Homo_sapiens
HERV17,Homo_sapiens
HERV18,Homo_sapiens
HERV19I,Homo_sapiens
HERV1_I,Simiiformes
HERV1_LTR,Homo_sapiens
HERV1_LTRa,Haplorrhini
HERV1_LTRb,Haplorrhini
HERV1_LTRc,Haplorrhini
HERV1_LTRd,Haplorrhini
HERV1_LTRe,Haplorrhini
HERV23,Homo_sapiens
HERV3,Homo_sapiens
HERV30I,Homo_sapiens
HERV35I,Homo_sapiens
HERV38I,Homo_sapiens
HERV39,Homo_sapiens
HERV46I,Homo_sapiens
HERV49I,Homo_sapiens
HERV4_I,Homo_sapiens
HERV4_LTR,Homo_sapiens
HERV50_I,Primates
HERV50_LTR,Primates
HERV52I,Homo_sapiens
HERV57I,Homo_sapiens
HERV9,Homo_sapiens
HERVE,Homo_sapiens
HERVE_a,Catarrhini
HERVFH19I,Homo_sapiens
HERVFH21I,Eutheria
HERVG25,Homo_sapiens
HERVH,Eutheria
HERVH48I,Homo_sapiens
HERVI,Homo_sapiens
HERVIP10F,Homo_sapiens
HERVIP10FH,Homo_sapiens
HERVK,Primates
HERVK11DI,Homo_sapiens
HERVK11I,Homo_sapiens
HERVK13I,Homo_sapiens
HERVK22I,Eutheria
HERVK3I,Homo_sapiens
HERVK9I,Homo_sapiens
HERVKC4,Eutheria
HERVL,Homo_sapiens
HERVL66I,Eutheria
HERVL68,Eutheria
HERVL74,Homo_sapiens
HERVL_40,Homo_sapiens
HERVP71A_I,Homo_sapiens
HERVS71,Eutheria
HSMAR1,Homo_sapiens
HSMAR2,Homo_sapiens
HSTC2,Homo_sapiens
HUERS-P1,Primates
HUERS-P2,Homo_sapiens
HUERS-P3,Homo_sapiens
HUERS-P3B,Homo_sapiens
IN25,Homo_sapiens
IndInd-1247,Primates
Kanga1,Theria
Kanga11a,Mammalia
Kanga1d,Theria
KANGA2_A,Homo_sapiens
L1,Homo_sapiens
L1HS,Homo_sapiens
L1M1B_5,Homo_sapiens
L1M1_5,Eutheria
L1M2A1_5,Homo_sapiens
L1M2A_5,Homo_sapiens
L1M2B_5,Homo_sapiens
L1M2C_5,Homo_sapiens
L1M2_5,Homo_sapiens
L1M3A_5,Eutheria
L1M3B_5,Homo_sapiens
L1M3C_5,Homo_sapiens
L1M3DE_5,Eutheria
L1M3D_5,Eutheria
L1M4B,Homo_sapiens
L1M6B_5end,Homo_sapiens
L1M6_5end,Mammalia
L1M7_5end,Mammalia
L1MA1,Homo_sapiens
L1MA10,Eutheria
L1MA2,Homo_sapiens
L1MA3,Homo_sapiens
L1MA4,Homo_sapiens
L1MA4A,Homo_sapiens
L1MA5,Homo_sapiens
L1MA5A,Homo_sapiens
L1MA6,Homo_sapiens
L1MA7,Homo_sapiens
L1MA8,Homo_sapiens
L1MA9,Homo_sapiens
L1MA9_5,Eutheria
L1MB1,Homo_sapiens
L1MB2,Homo_sapiens
L1MB3,Homo_sapiens
L1MB3_5,Homo_sapiens
L1MB4,Homo_sapiens
L1MB4_5,Eutheria
L1MB5,Homo_sapiens
L1MB6_5,Eutheria
L1MB7,Eutheria
L1MB8,Homo_sapiens
L1MC1,Homo_sapiens
L1MC2,Homo_sapiens
L1MC3,Eutheria
L1MC4,Homo_sapiens
L1MC4B,Eutheria
L1MC4_5end,Eutheria
L1MC5,Eutheria
L1MCA_5,Homo_sapiens
L1MCB_5,Homo_sapiens
L1MCC_5,Homo_sapiens
L1MD1,Homo_sapiens
L1MD1_5,Eutheria
L1MD2,Homo_sapiens
L1MD3,Homo_sapiens
L1MDA_5,Eutheria
L1MDB_5,Homo_sapiens
L1ME1,Homo_sapiens
L1ME2,Homo_sapiens
L1ME3,Homo_sapiens
L1ME3A,Homo_sapiens
L1ME3C_3end,Eutheria
L1ME3D_3end,Eutheria
L1ME3E_3end,Eutheria
L1ME3F_3end,Eutheria
L1ME4,Eutheria
L1ME4A,Homo_sapiens
L1ME5,Eutheria
L1ME5_3end,Mammalia
L1MEA_5,Homo_sapiens
L1MEB_5,Homo_sapiens
L1MEC_5,Eutheria
L1MED_5,Homo_sapiens
L1MEE_5,Homo_sapiens
L1MEe_5end,Eutheria
L1MEf_5end,Mammalia
L1MEg_5end,Mammalia
L1ME_ORF2,Homo_sapiens
L1P4a_5end,Primates
L1P4b_5end,Primates
L1P4c_5end,Primates
L1P4d_5end,Primates
L1P4e_5end,Primates
L1PA10,Homo_sapiens
L1PA11,Homo_sapiens
L1PA12,Homo_sapiens
L1PA12_5,Homo_sapiens
L1PA13,Homo_sapiens
L1PA13_5,Homo_sapiens
L1PA14,Homo_sapiens
L1PA14_5,Homo_sapiens
L1PA15,Homo_sapiens
L1PA16,Homo_sapiens
L1PA16_5,Homo_sapiens
L1PA17_5,Homo_sapiens
L1PA2,Homo_sapiens
L1PA3,Homo_sapiens
L1PA4,Homo_sapiens
L1PA5,Homo_sapiens
L1PA6,Homo_sapiens
L1PA7,Homo_sapiens
L1PA7_5,Homo_sapiens
L1PA8,Homo_sapiens
L1PB1,Homo_sapiens
L1PB2,Homo_sapiens
L1PB2c,Homo_sapiens
L1PB3,Homo_sapiens
L1PB4,Homo_sapiens
L1PBA1_5,Homo_sapiens
L1PBA_5,Homo_sapiens
L1PBB_5,Homo_sapiens
L1PREC1,Homo_sapiens
L1PREC2,Homo_sapiens
L1P_MA2,Eutheria
L2,Eutheria
L2B,Eutheria
L2C,Eutheria
L2D,Eutheria
L3,Homo_sapiens
L3b_3end,Mammalia
L4,Mammalia
L5,Mammalia
LmeSINE1b,Deuterostomia
LmeSINE1c,Deuterostomia
LOOPER,Homo_sapiens
LOR1,Homo_sapiens
LOR1a_LTR,Primates
LOR1b_LTR,Primates
LOR1I,Homo_sapiens
LTR06,Homo_sapiens
LTR1,Homo_sapiens
LTR104_Mam,Mammalia
LTR108d_Mam,Mammalia
LTR108e_Mam,Mammalia
LTR10A,Eutheria
LTR10B,Homo_sapiens
LTR10B1,Primates
LTR10B2,Homo_sapiens
LTR10C,Homo_sapiens
LTR10D,Homo_sapiens
LTR10E,Eutheria
LTR10F,Homo_sapiens
LTR10G,Eutheria
LTR11,Homo_sapiens
LTR12,Primates
LTR12B,Homo_sapiens
LTR12C,Homo_sapiens
LTR12D,Homo_sapiens
LTR12E,Homo_sapiens
LTR12F,Primates
LTR13,Homo_sapiens
LTR13A,Homo_sapiens
LTR14,Homo_sapiens
LTR14A,Homo_sapiens
LTR14B,Homo_sapiens
LTR14C,Homo_sapiens
LTR15,Homo_sapiens
LTR16,Homo_sapiens
LTR16A,Eutheria
LTR16A1,Homo_sapiens
LTR16A2,Homo_sapiens
LTR16B,Eutheria
LTR16B1,Eutheria
LTR16B2,Eutheria
LTR16C,Homo_sapiens
LTR16D,Homo_sapiens
LTR16D1,Eutheria
LTR16D2,Eutheria
LTR16E,Homo_sapiens
LTR16E1,Eutheria
LTR16E2,Eutheria
LTR17,Homo_sapiens
LTR18A,Homo_sapiens
LTR18B,Homo_sapiens
LTR18C,Homo_sapiens
LTR19A,Homo_sapiens
LTR19B,Homo_sapiens
LTR19C,Homo_sapiens
LTR1A1,Primates
LTR1A2,Primates
LTR1B,Homo_sapiens
LTR1B0,Primates
LTR1B1,Homo_sapiens
LTR1C,Homo_sapiens
LTR1C1,Primates
LTR1C2,Homo_sapiens
LTR1C3,Primates
LTR1D,Homo_sapiens
LTR1D1,Primates
LTR1E,Homo_sapiens
LTR1F,Homo_sapiens
LTR1F1,Primates
LTR1F2,Primates
LTR2,Homo_sapiens
LTR21A,Homo_sapiens
LTR21B,Homo_sapiens
LTR21C,Homo_sapiens
LTR22,Primates
LTR22A,Homo_sapiens
LTR22B,Homo_sapiens
LTR22B1,Homo_sapiens
LTR22B2,Homo_sapiens
LTR22C,Primates
LTR22C0,Hominidae
LTR22C2,Homo_sapiens
LTR22E,Homo_sapiens
LTR23,Homo_sapiens
LTR24,Homo_sapiens
LTR24B,Homo_sapiens
LTR24C,Homo_sapiens
LTR25,Homo_sapiens
LTR25-int,Primates
LTR26,Homo_sapiens
LTR26B,Primates
LTR26C,Homo_sapiens
LTR26D,Homo_sapiens
LTR26E,Homo_sapiens
LTR27,Homo_sapiens
LTR2752,Homo_sapiens
LTR27B,Homo_sapiens
LTR27C,Homo_sapiens
LTR27D,Homo_sapiens
LTR27E,Homo_sapiens
LTR28,Homo_sapiens
LTR28B,Homo_sapiens
LTR28C,Homo_sapiens
LTR29,Homo_sapiens
LTR2B,Homo_sapiens
LTR2C,Homo_sapiens
LTR3,Homo_sapiens
LTR30,Homo_sapiens
LTR31,Homo_sapiens
LTR32,Homo_sapiens
LTR33,Eutheria
LTR33A,Eutheria
LTR33B,Mammalia
LTR33C,Eutheria
LTR34,Homo_sapiens
LTR35,Homo_sapiens
LTR35A,Primates
LTR35B,Homo_sapiens
LTR36,Homo_sapiens
LTR37-int,Eutheria
LTR37A,Homo_sapiens
LTR37B,Homo_sapiens
LTR38,Homo_sapiens
LTR38A1,Homo_sapiens
LTR38B,Homo_sapiens
LTR38C,Homo_sapiens
LTR39,Homo_sapiens
LTR3A,Primates
LTR3B,Homo_sapiens
LTR4,Homo_sapiens
LTR40A,Homo_sapiens
LTR40A1,Eutheria
LTR40B,Homo_sapiens
LTR40C,Homo_sapiens
LTR41,Homo_sapiens
LTR41B,Homo_sapiens
LTR41C,Homo_sapiens
LTR42,Homo_sapiens
LTR43,Homo_sapiens
LTR43B,Homo_sapiens
LTR43_I,Primates
LTR44,Homo_sapiens
LTR45,Homo_sapiens
LTR45B,Homo_sapiens
LTR45C,Homo_sapiens
LTR46,Homo_sapiens
LTR47A,Homo_sapiens
LTR47A2,Homo_sapiens
LTR47B,Homo_sapiens
LTR47B2,Homo_sapiens
LTR47B3,Primates
LTR47B4,Primates
LTR48,Homo_sapiens
LTR48B,Homo_sapiens
LTR49,Homo_sapiens
LTR5,Homo_sapiens
LTR50,Homo_sapiens
LTR51,Homo_sapiens
LTR52,Homo_sapiens
LTR53,Homo_sapiens
LTR53-int,Eutheria
LTR53B,Homo_sapiens
LTR54,Eutheria
LTR54B,Eutheria
LTR55,Homo_sapiens
LTR56,Homo_sapiens
LTR57,Homo_sapiens
LTR58,Homo_sapiens
LTR59,Homo_sapiens
LTR5A,Primates
LTR5B,Homo_sapiens
LTR5_Hs,Primates
LTR60,Homo_sapiens
LTR60B,Homo_sapiens
LTR61,Homo_sapiens
LTR62,Homo_sapiens
LTR64,Homo_sapiens
LTR65,Homo_sapiens
LTR66,Homo_sapiens
LTR67B,Eutheria
LTR68,Eutheria
LTR69,Homo_sapiens
LTR6A,Homo_sapiens
LTR6B,Homo_sapiens
LTR6C,Homo_sapiens
LTR6D,Homo_sapiens
LTR70,Homo_sapiens
LTR71A,Homo_sapiens
LTR71B,Homo_sapiens
LTR72,Homo_sapiens
LTR72B,Homo_sapiens
LTR73,Homo_sapiens
LTR75,Homo_sapiens
LTR75B,Homo_sapiens
LTR75_1,Eutheria
LTR76,Homo_sapiens
LTR77,Homo_sapiens
LTR77B,Homo_sapiens
LTR78,Mammalia
LTR78B,Homo_sapiens
LTR79,Mammalia
LTR7A,Homo_sapiens
LTR7B,Homo_sapiens
LTR7C,Homo_sapiens
LTR7Y,Primates
LTR8,Homo_sapiens
LTR80A,Eutheria
LTR80B,Eutheria
LTR81A,Mammalia
LTR81AB,Homo_sapiens
LTR81B,Mammalia
LTR81C,Mammalia
LTR82A,Eutheria
LTR82B,Mammalia
LTR83,Eutheria
LTR84a,Eutheria
LTR84b,Eutheria
LTR85a,Mammalia
LTR85b,Mammalia
LTR85c,Mammalia
LTR86A1,Mammalia
LTR86A2,Mammalia
LTR86B1,Mammalia
LTR86B2,Mammalia
LTR86C,Mammalia
LTR87,Eutheria
LTR88a,Mammalia
LTR88b,Mammalia
LTR88c,Mammalia
LTR89,Mammalia
LTR8A,Homo_sapiens
LTR8B,Homo_sapiens
LTR9,Homo_sapiens
LTR90A,Mammalia
LTR90B,Mammalia
LTR91,Homo_sapiens
LTR9A1,Homo_sapiens
LTR9B,Homo_sapiens
LTR9C,Homo_sapiens
LTR9D,Homo_sapiens
MADE1,Homo_sapiens
MamGyp-int,Mammalia
MamGypLTR1a,Mammalia
MamGypLTR1b,Mammalia
MamGypLTR1c,Mammalia
MamGypLTR1d,Mammalia
MamGypLTR2,Mammalia
MamGypLTR2b,Mammalia
MamGypLTR2c,Mammalia
MamGypLTR3,Mammalia
MamRep137,Mammalia
MamRep1527,Eutheria
MamRep1879,Eutheria
MamRep1894,Mammalia
MamRep38,Mammalia
MamRep4096,Mammalia
MamRep434,Mammalia
MamRep488,Mammalia
MamRep564,Mammalia
MamRep605,Mammalia
MamSINE1,Mammalia
MamTip2,Theria
MARE1,Mammalia
MARE10,Mammalia
MARE3,Mammalia
MARE5,Mammalia
MARE6,Mammalia
MARNA,Homo_sapiens
MER101,Homo_sapiens
MER101B,Homo_sapiens
MER101_I,Primates
MER103,Eutheria
MER103B,Homo_sapiens
MER103C,Homo_sapiens
MER104,Eutheria
MER104A,Eutheria
MER104B,Eutheria
MER104C,Eutheria
MER105,Eutheria
MER106,Homo_sapiens
MER106B,Homo_sapiens
MER107,Homo_sapiens
MER110,Homo_sapiens
MER110A,Homo_sapiens
MER110I,Homo_sapiens
MER112,Homo_sapiens
MER113,Homo_sapiens
MER113B,Homo_sapiens
MER115,Eutheria
MER116,Eutheria
MER117,Homo_sapiens
MER119,Homo_sapiens
MER11A,Homo_sapiens
MER11B,Primates
MER11C,Homo_sapiens
MER11D,Homo_sapiens
MER121,Mammalia
MER123,Amniota
MER124,Theria
MER125,Amniota
MER126,Amniota
MER127,Amniota
MER129,Amniota
MER130,Amniota
MER131,Amniota
MER132,Amniota
MER133A,Amniota
MER133B,Amniota
MER134,Amniota
MER135,Mammalia
MER136,Amniota
MER1A,Homo_sapiens
MER1B,Homo_sapiens
MER2,Eutheria
MER20,Homo_sapiens
MER20B,Homo_sapiens
MER21,Homo_sapiens
MER21A,Homo_sapiens
MER21B,Eutheria
MER21C,Eutheria
MER21C_BT,Eutheria
MER21I,Homo_sapiens
MER25,Eutheria
MER28,Homo_sapiens
MER2B,Eutheria
MER3,Eutheria
MER30,Vertebrata
MER30B,Homo_sapiens
MER31,Homo_sapiens
MER31A,Eutheria
MER31B,Homo_sapiens
MER31_I,Homo_sapiens
MER33,Homo_sapiens
MER34,Homo_sapiens
MER34-int,Eutheria
MER34A,Eutheria
MER34A1,Eutheria
MER34B,Homo_sapiens
MER34B_I,Homo_sapiens
MER34C,Homo_sapiens
MER34C2,Homo_sapiens
MER34D,Primates
MER39,Homo_sapiens
MER39B,Homo_sapiens
MER41A,Homo_sapiens
MER41B,Homo_sapiens
MER41C,Homo_sapiens
MER41D,Homo_sapiens
MER41E,Primates
MER41F,Homo_sapiens
MER41G,Homo_sapiens
MER41I,Homo_sapiens
MER44A,Homo_sapiens
MER44B,Homo_sapiens
MER44C,Homo_sapiens
MER44D,Eutheria
MER45,Homo_sapiens
MER45B,Homo_sapiens
MER45C,Homo_sapiens
MER45R,Homo_sapiens
MER46C,Eutheria
MER47B,Eutheria
MER47C,Eutheria
MER48,Homo_sapiens
MER49,Homo_sapiens
MER4A,Homo_sapiens
MER4A1,Homo_sapiens
MER4A1_LTR,Primates
MER4B,Homo_sapiens
MER4BI,Homo_sapiens
MER4C,Homo_sapiens
MER4CL34,Homo_sapiens
MER4D,Homo_sapiens
MER4D1,Homo_sapiens
MER4D_LTR,Primates
MER4E,Homo_sapiens
MER4E1,Homo_sapiens
MER4I,Homo_sapiens
MER50,Homo_sapiens
MER50B,Homo_sapiens
MER50C,Primates
MER50I,Homo_sapiens
MER51A,Homo_sapiens
MER51B,Homo_sapiens
MER51C,Homo_sapiens
MER51D,Homo_sapiens
MER51E,Homo_sapiens
MER51I,Homo_sapiens
MER52A,Homo_sapiens
MER52AI,Homo_sapiens
MER52B,Homo_sapiens
MER52C,Homo_sapiens
MER52D,Homo_sapiens
MER53,Homo_sapiens
MER54,Homo_sapiens
MER54A,Homo_sapiens
MER54B,Homo_sapiens
MER57A1,Homo_sapiens
MER57A_I,Homo_sapiens
MER57B1,Eutheria
MER57B2,Homo_sapiens
MER57C1,Eutheria
MER57C2,Eutheria
MER57D,Eutheria
MER57E1,Eutheria
MER57E2,Eutheria
MER57E3,Eutheria
MER57F,Homo_sapiens
MER57I,Homo_sapiens
MER58A,Eutheria
MER58B,Eutheria
MER58C,Eutheria
MER58D,Eutheria
MER5A,Eutheria
MER5A1,Eutheria
MER5B,Homo_sapiens
MER5C,Eutheria
MER5C1,Eutheria
MER6,Eutheria
MER61A,Homo_sapiens
MER61B,Homo_sapiens
MER61C,Homo_sapiens
MER61D,Homo_sapiens
MER61E,Homo_sapiens
MER61F,Homo_sapiens
MER61I,Homo_sapiens
MER63A,Homo_sapiens
MER63B,Homo_sapiens
MER63C,Eutheria
MER63D,Homo_sapiens
MER65A,Eutheria
MER65B,Homo_sapiens
MER65C,Homo_sapiens
MER65D,Homo_sapiens
MER65I,Eutheria
MER66A,Homo_sapiens
MER66B,Homo_sapiens
MER66C,Homo_sapiens
MER66D,Homo_sapiens
MER66_I,Homo_sapiens
MER67A,Homo_sapiens
MER67B,Homo_sapiens
MER67C,Homo_sapiens
MER67D,Homo_sapiens
MER68A,Eutheria
MER68B,Homo_sapiens
MER68C,Homo_sapiens
MER68_I,Eutheria
MER69A,Eutheria
MER69B,Eutheria
MER69C,Homo_sapiens
MER6A,Primates
MER6B,Homo_sapiens
MER6C,Eutheria
MER70A,Homo_sapiens
MER70B,Homo_sapiens
MER70C,Homo_sapiens
MER70_I,Eutheria
MER72,Homo_sapiens
MER72B,Homo_sapiens
MER73,Homo_sapiens
MER74,Eutheria
MER74A,Eutheria
MER74B,Homo_sapiens
MER74C,Homo_sapiens
MER75,Homo_sapiens
MER75A,Primates
MER75B,Homo_sapiens
MER76,Homo_sapiens
MER76-int,Eutheria
MER77,Homo_sapiens
MER8,Homo_sapiens
MER80,Eutheria
MER80B,Homo_sapiens
MER81,Homo_sapiens
MER82,Eutheria
MER83,Homo_sapiens
MER83AI,Homo_sapiens
MER83B,Homo_sapiens
MER83BI,Homo_sapiens
MER83C,Homo_sapiens
MER84,Homo_sapiens
MER84I,Homo_sapiens
MER85,Homo_sapiens
MER87,Homo_sapiens
MER87B,Homo_sapiens
MER88,Homo_sapiens
MER89,Homo_sapiens
MER89I,Homo_sapiens
MER9,Homo_sapiens
MER90,Homo_sapiens
MER90a_LTR,Eutheria
MER91A,Homo_sapiens
MER91B,Eutheria
MER91C,Homo_sapiens
MER92A,Homo_sapiens
MER92B,Homo_sapiens
MER92C,Eutheria
MER94,Homo_sapiens
MER94B,Homo_sapiens
MER95,Homo_sapiens
MER96,Homo_sapiens
MER96B,Homo_sapiens
MER97A,Homo_sapiens
MER97B,Homo_sapiens
MER97C,Homo_sapiens
MER97d,Eutheria
MER99,Homo_sapiens
MER9a1,Catarrhini
MER9a2,Catarrhini
MER9a3,Catarrhini
MER9B,Homo_sapiens
Merlin1_HS,Homo_sapiens
MERX,Eutheria
MIR,Mammalia
MIR3,Mammalia
MIRb,Mammalia
MIRc,Mammalia
MLT-int,Eutheria
MLT1A0,Eutheria
MLT1A1,Eutheria
MLT1B,Eutheria
MLT1C,Eutheria
MLT1C1,Eutheria
MLT1C2,Eutheria
MLT1D,Eutheria
MLT1E,Eutheria
MLT1E1,Eutheria
MLT1E1A,Eutheria
MLT1E2,Eutheria
MLT1F,Eutheria
MLT1F1,Eutheria
MLT1F2,Eutheria
MLT1F_I,Eutheria
MLT1G,Homo_sapiens
MLT1G1,Homo_sapiens
MLT1G2,Homo_sapiens
MLT1G3,Homo_sapiens
MLT1H,Homo_sapiens
MLT1H1,Homo_sapiens
MLT1H2,Homo_sapiens
MLT1H_I,Eutheria
MLT1I,Homo_sapiens
MLT1J,Eutheria
MLT1J-int,Eutheria
MLT1J1,Eutheria
MLT1J2,Eutheria
MLT1K,Homo_sapiens
MLT1L,Homo_sapiens
MLT1M,Mammalia
MLT1N2,Homo_sapiens
MLT1O,Eutheria
MLT1_I,Eutheria
MLT2A1,Homo_sapiens
MLT2A2,Homo_sapiens
MLT2B2,Eutheria
MLT2B3,Eutheria
MLT2B4,Eutheria
MLT2C2,Homo_sapiens
MLT2D,Homo_sapiens
MLT2E,Eutheria
MLT2F,Eutheria
MSTA,Primates
MSTA1,Primates
MSTA2,Primates
MSTB,Homo_sapiens
MSTB1,Primates
MSTC,Eutheria
MSTD,Homo_sapiens
MST_I,Eutheria
ORSL,Eutheria
ORSL-2a,Mammalia
ORSL-2b,Mammalia
PABL_A,Homo_sapiens
PABL_AI,Homo_sapiens
PABL_B,Homo_sapiens
PABL_BI,Homo_sapiens
PB1D11,Euarchontoglires
PRIMA41,Homo_sapiens
PRIMA4_I,Homo_sapiens
PRIMA4_LTR,Homo_sapiens
PRIMAX_I,Homo_sapiens
PrimLTR79,Homo_sapiens
PTR5,Homo_sapiens
Retroposon-1_HS,Homo_sapiens
RhiBie-1.49,Primates
RICKSHA,Eutheria
RICKSHA_0,Eutheria
Ricksha_a,Eutheria
SVA_A,Homo_sapiens
SVA_B,Homo_sapiens
SVA_C,Homo_sapiens
SVA_D,Homo_sapiens
SVA_E,Homo_sapiens
SVA_F,Homo_sapiens
THE1A,Homo_sapiens
THE1B,Hominidae
THE1C,Homo_sapiens
THE1D,Homo_sapiens
THE1_I,Homo_sapiens
THER1,Theria
THER2,Theria
TIGGER1,Homo_sapiens
Tigger10,Mammalia
Tigger12,Mammalia
Tigger12A,Mammalia
Tigger13a,Mammalia
Tigger14a,Mammalia
Tigger15a,Mammalia
Tigger16a,Mammalia
Tigger16b,Mammalia
TIGGER2,Homo_sapiens
Tigger2b_Pri,Primates
Tigger3b,Primates
Tigger3c,Primates
Tigger3d,Primates
Tigger4a,Primates
TIGGER5,Homo_sapiens
TIGGER5A,Eutheria
TIGGER5_A,Eutheria
TIGGER5_B,Eutheria
TIGGER6A,Eutheria
TIGGER6B,Homo_sapiens
TIGGER7,Homo_sapiens
TIGGER8,Homo_sapiens
TIGGER9,Homo_sapiens
Tigger9b,Eutheria
UCON1,Amniota
UCON10,Tetrapoda
UCON100,Mammalia
UCON104,Theria
UCON107,Mammalia
UCON11,Tetrapoda
UCON12,Amniota
UCON12A,Euteleostomi
UCON13,Tetrapoda
UCON132a,Theria
UCON132b,Theria
UCON14,Tetrapoda
UCON15,Amniota
UCON16,Amniota
UCON17,Amniota
UCON18,Tetrapoda
UCON19,Amniota
UCON2,Amniota
UCON20,Amniota
UCON21,Amniota
UCON22,Euteleostomi
UCON23,Amniota
UCON24,Amniota
UCON25,Euteleostomi
UCON26,Amniota
UCON27,Amniota
UCON28,Euteleostomi
UCON28a,Euteleostomi
UCON28b,Euteleostomi
UCON28c,Euteleostomi
UCON29,Amniota
UCON3,Euteleostomi
UCON31,Tetrapoda
UCON34,Theria
UCON39,Mammalia
UCON4,Amniota
UCON42,Theria
UCON49,Mammalia
UCON5,Amniota
UCON50,Mammalia
UCON51,Mammalia
UCON52,Theria
UCON55,Theria
UCON6,Amniota
UCON7,Tetrapoda
UCON74,Theria
UCON78,Mammalia
UCON79,Theria
UCON8,Tetrapoda
UCON81,Theria
UCON82,Mammalia
UCON86,Mammalia
UCON9,Amniota
UCON95,Mammalia
UCON99,Mammalia
X10a_DNA,Theria
X10b_DNA,Theria
X11_DNA,Mammalia
X11_LINE,Mammalia
X12_DNA,Mammalia
X12_LINE,Mammalia
X13_DNA,Theria
X13_LINE,Mammalia
X15_DNA,Mammalia
X15_LINE,Mammalia
X17_LINE,Mammalia
X18_DNA,Theria
X18_LINE,Mammalia
X19_LINE,Mammalia
X1_DNA,Eutheria
X1_LINE,Amniota
X1_LR,Mammalia
X20_DNA,Mammalia
X20_LINE,Mammalia
X21_DNA,Mammalia
X21_LINE,Mammalia
X22_DNA,Mammalia
X23_DNA,Mammalia
X24_DNA,Theria
X24_LINE,Mammalia
X25_DNA,Theria
X26_DNA,Theria
X27_DNA,Mammalia
X28_DNA,Mammalia
X29a_DNA,Mammalia
X29b_DNA,Mammalia
X2a_DNA,Mammalia
X2b_DNA,Mammalia
X2_LINE,Euteleostomi
X2_LR,Theria
X30_DNA,Theria
X31_DNA,Mammalia
X32_DNA,Mammalia
X33a_DNA,Mammalia
X34_DNA,Mammalia
X3_LINE,Mammalia
X3_LR,Theria
X4a_DNA,Theria
X4b_DNA,Theria
X4_LINE,Teleostomi
X4_LR,Eutheria
X5a_DNA,Theria
X5A_LINE,Euteleostomi
X5b_DNA,Theria
X5B_LINE,Euteleostomi
X6a_DNA,Theria
X6A_LINE,Euteleostomi
X6b_DNA,Theria
X6B_LINE,Euteleostomi
X7A_LINE,Euteleostomi
X7B_LINE,Euteleostomi
X7C_LINE,Euteleostomi
X7D_LINE,Euteleostomi
X7_DNA,Theria
X8_LINE,Euteleostomi
X9a_DNA,Theria
X9b_DNA,Theria
X9c_DNA,Theria
X9_LINE,Euteleostomi
ZAPHOD,Homo_sapiens
Zaphod3,Eutheria
ZOMBI,Eutheria
ZOMBI_A,Homo_sapiens
ZOMBI_B,Eutheria
ZOMBI_C,Eutheria